"source","variant","age_band","age_from","age_to","living_arrangement","payment_category","payment_category_share","income_lower","income_upper","weighted_mean_income","income_bin_share","weighted_n","base_income_year","income_growth_default","caveat_flags"
"IRD taxable income, MSD OIA payment mix, Stats NZ living-arrangement age gradient","statsnz_age_msd_calibrated_clipped","65-69",65,70,"couple","couple",0.699187558153938,0,500,0,0.186940705711168,0.130706615545765,2024,"wage","public_source_proxy;taxable_income;payment_category_independence;negative_residuals_clipped"
"IRD taxable income, MSD OIA payment mix, Stats NZ living-arrangement age gradient","statsnz_age_msd_calibrated_clipped","65-69",65,70,"couple","couple",0.699187558153938,500,1000,631.419999999998,0.0373226627864678,0.0260955414574733,2024,"wage","public_source_proxy;taxable_income;payment_category_independence;negative_residuals_clipped"
"IRD taxable income, MSD OIA payment mix, Stats NZ living-arrangement age gradient","statsnz_age_msd_calibrated_clipped","65-69",65,70,"couple","couple",0.699187558153938,1000,2000,1631.42,0.0212804656238632,0.0148790367959277,2024,"wage","public_source_proxy;taxable_income;payment_category_independence;negative_residuals_clipped"
"IRD taxable income, MSD OIA payment mix, Stats NZ living-arrangement age gradient","statsnz_age_msd_calibrated_clipped","65-69",65,70,"couple","couple",0.699187558153938,2000,5000,3934.13084337349,0.0724627137140779,0.050665027858954,2024,"wage","public_source_proxy;taxable_income;payment_category_independence;negative_residuals_clipped"
"IRD taxable income, MSD OIA payment mix, Stats NZ living-arrangement age gradient","statsnz_age_msd_calibrated_clipped","65-69",65,70,"couple","couple",0.699187558153938,5000,10000,7554.76801762114,0.123863222990178,0.0866036244275795,2024,"wage","public_source_proxy;taxable_income;payment_category_independence;negative_residuals_clipped"
"IRD taxable income, MSD OIA payment mix, Stats NZ living-arrangement age gradient","statsnz_age_msd_calibrated_clipped","65-69",65,70,"couple","couple",0.699187558153938,10000,15000,12495.9880819912,0.0496907966533285,0.0347431867747646,2024,"wage","public_source_proxy;taxable_income;payment_category_independence;negative_residuals_clipped"
"IRD taxable income, MSD OIA payment mix, Stats NZ living-arrangement age gradient","statsnz_age_msd_calibrated_clipped","65-69",65,70,"couple","couple",0.699187558153938,15000,20000,17578.8378403756,0.0387413604947254,0.0270874772438685,2024,"wage","public_source_proxy;taxable_income;payment_category_independence;negative_residuals_clipped"
"IRD taxable income, MSD OIA payment mix, Stats NZ living-arrangement age gradient","statsnz_age_msd_calibrated_clipped","65-69",65,70,"couple","couple",0.699187558153938,20000,30000,24975.1569819341,0.0684612586395053,0.0478672602563009,2024,"wage","public_source_proxy;taxable_income;payment_category_independence;negative_residuals_clipped"
"IRD taxable income, MSD OIA payment mix, Stats NZ living-arrangement age gradient","statsnz_age_msd_calibrated_clipped","65-69",65,70,"couple","couple",0.699187558153938,30000,50000,40274.952095145,0.111640596580575,0.078057716114021,2024,"wage","public_source_proxy;taxable_income;payment_category_independence;negative_residuals_clipped"
"IRD taxable income, MSD OIA payment mix, Stats NZ living-arrangement age gradient","statsnz_age_msd_calibrated_clipped","65-69",65,70,"couple","couple",0.699187558153938,50000,75000,61961.13021611,0.11109494361586,0.0776762023500228,2024,"wage","public_source_proxy;taxable_income;payment_category_independence;negative_residuals_clipped"
"IRD taxable income, MSD OIA payment mix, Stats NZ living-arrangement age gradient","statsnz_age_msd_calibrated_clipped","65-69",65,70,"couple","couple",0.699187558153938,75000,1e+05,86461.6086792453,0.069407057111677,0.0485285507805643,2024,"wage","public_source_proxy;taxable_income;payment_category_independence;negative_residuals_clipped"
"IRD taxable income, MSD OIA payment mix, Stats NZ living-arrangement age gradient","statsnz_age_msd_calibrated_clipped","65-69",65,70,"couple","couple",0.699187558153938,100000,150000,120733.673032929,0.0629683521280466,0.0440266883653862,2024,"wage","public_source_proxy;taxable_income;payment_category_independence;negative_residuals_clipped"
"IRD taxable income, MSD OIA payment mix, Stats NZ living-arrangement age gradient","statsnz_age_msd_calibrated_clipped","65-69",65,70,"couple","couple",0.699187558153938,150000,250000,215978.78829653,0.0461258639505275,0.0322506301833101,2024,"wage","public_source_proxy;taxable_income;payment_category_independence;negative_residuals_clipped"
"IRD taxable income, MSD OIA payment mix, Stats NZ living-arrangement age gradient","statsnz_age_msd_calibrated_clipped","65-69",65,70,"couple","couple",0.699187558153938,250000,Inf,0,0,0,2024,"wage","public_source_proxy;taxable_income;payment_category_independence;negative_residuals_clipped"
"IRD taxable income, MSD OIA payment mix, Stats NZ living-arrangement age gradient","statsnz_age_msd_calibrated_clipped","65-69",65,70,"single_living_alone","single_living_alone",0.19000584587684,0,500,63.6913229742779,0.414368861404147,0.0787325060161179,2024,"wage","public_source_proxy;taxable_income;payment_category_independence;negative_residuals_clipped"
"IRD taxable income, MSD OIA payment mix, Stats NZ living-arrangement age gradient","statsnz_age_msd_calibrated_clipped","65-69",65,70,"single_living_alone","single_living_alone",0.19000584587684,500,1000,0,0,0,2024,"wage","public_source_proxy;taxable_income;payment_category_independence;negative_residuals_clipped"
"IRD taxable income, MSD OIA payment mix, Stats NZ living-arrangement age gradient","statsnz_age_msd_calibrated_clipped","65-69",65,70,"single_living_alone","single_living_alone",0.19000584587684,1000,2000,1409.66,0.0150236449618043,0.00285458036912095,2024,"wage","public_source_proxy;taxable_income;payment_category_independence;negative_residuals_clipped"
"IRD taxable income, MSD OIA payment mix, Stats NZ living-arrangement age gradient","statsnz_age_msd_calibrated_clipped","65-69",65,70,"single_living_alone","single_living_alone",0.19000584587684,2000,5000,3355.69174603175,0.0343761367770098,0.00653166694629369,2024,"wage","public_source_proxy;taxable_income;payment_category_independence;negative_residuals_clipped"
"IRD taxable income, MSD OIA payment mix, Stats NZ living-arrangement age gradient","statsnz_age_msd_calibrated_clipped","65-69",65,70,"single_living_alone","single_living_alone",0.19000584587684,5000,10000,7284.24471760797,0.0437977446344125,0.00832182751675937,2024,"wage","public_source_proxy;taxable_income;payment_category_independence;negative_residuals_clipped"
"IRD taxable income, MSD OIA payment mix, Stats NZ living-arrangement age gradient","statsnz_age_msd_calibrated_clipped","65-69",65,70,"single_living_alone","single_living_alone",0.19000584587684,10000,15000,12361.5264047151,0.0370316478719534,0.00703622957812379,2024,"wage","public_source_proxy;taxable_income;payment_category_independence;negative_residuals_clipped"
"IRD taxable income, MSD OIA payment mix, Stats NZ living-arrangement age gradient","statsnz_age_msd_calibrated_clipped","65-69",65,70,"single_living_alone","single_living_alone",0.19000584587684,15000,20000,17399.4454954035,0.0356129501636959,0.00676666872002278,2024,"wage","public_source_proxy;taxable_income;payment_category_independence;negative_residuals_clipped"
"IRD taxable income, MSD OIA payment mix, Stats NZ living-arrangement age gradient","statsnz_age_msd_calibrated_clipped","65-69",65,70,"single_living_alone","single_living_alone",0.19000584587684,20000,30000,24763.9161359345,0.0578028373954165,0.0109828770133975,2024,"wage","public_source_proxy;taxable_income;payment_category_independence;negative_residuals_clipped"
"IRD taxable income, MSD OIA payment mix, Stats NZ living-arrangement age gradient","statsnz_age_msd_calibrated_clipped","65-69",65,70,"single_living_alone","single_living_alone",0.19000584587684,30000,50000,39813.6042366542,0.106984357948345,0.0203276534275659,2024,"wage","public_source_proxy;taxable_income;payment_category_independence;negative_residuals_clipped"
"IRD taxable income, MSD OIA payment mix, Stats NZ living-arrangement age gradient","statsnz_age_msd_calibrated_clipped","65-69",65,70,"single_living_alone","single_living_alone",0.19000584587684,50000,75000,61566.8051905626,0.100218261185886,0.0190420554889303,2024,"wage","public_source_proxy;taxable_income;payment_category_independence;negative_residuals_clipped"
"IRD taxable income, MSD OIA payment mix, Stats NZ living-arrangement age gradient","statsnz_age_msd_calibrated_clipped","65-69",65,70,"single_living_alone","single_living_alone",0.19000584587684,75000,1e+05,86306.5925153374,0.0592942888323027,0.0112662615052473,2024,"wage","public_source_proxy;taxable_income;payment_category_independence;negative_residuals_clipped"
"IRD taxable income, MSD OIA payment mix, Stats NZ living-arrangement age gradient","statsnz_age_msd_calibrated_clipped","65-69",65,70,"single_living_alone","single_living_alone",0.19000584587684,100000,150000,121850.665802708,0.0564205165514733,0.0107202279721709,2024,"wage","public_source_proxy;taxable_income;payment_category_independence;negative_residuals_clipped"
"IRD taxable income, MSD OIA payment mix, Stats NZ living-arrangement age gradient","statsnz_age_msd_calibrated_clipped","65-69",65,70,"single_living_alone","single_living_alone",0.19000584587684,150000,250000,219909.16,0.039068752273554,0.00742329132308934,2024,"wage","public_source_proxy;taxable_income;payment_category_independence;negative_residuals_clipped"
"IRD taxable income, MSD OIA payment mix, Stats NZ living-arrangement age gradient","statsnz_age_msd_calibrated_clipped","65-69",65,70,"single_living_alone","single_living_alone",0.19000584587684,250000,Inf,0,0,0,2024,"wage","public_source_proxy;taxable_income;payment_category_independence;negative_residuals_clipped"
"IRD taxable income, MSD OIA payment mix, Stats NZ living-arrangement age gradient","statsnz_age_msd_calibrated_clipped","65-69",65,70,"single_sharing","single_sharing",0.110806595969222,0,500,0,0.318006547835577,0.0352372230615838,2024,"wage","public_source_proxy;taxable_income;payment_category_independence;negative_residuals_clipped"
"IRD taxable income, MSD OIA payment mix, Stats NZ living-arrangement age gradient","statsnz_age_msd_calibrated_clipped","65-69",65,70,"single_sharing","single_sharing",0.110806595969222,500,1000,814.139999999999,0.0175336485994907,0.00194284391623009,2024,"wage","public_source_proxy;taxable_income;payment_category_independence;negative_residuals_clipped"
"IRD taxable income, MSD OIA payment mix, Stats NZ living-arrangement age gradient","statsnz_age_msd_calibrated_clipped","65-69",65,70,"single_sharing","single_sharing",0.110806595969222,1000,2000,1814.14,0.0144052382684613,0.00159619541665376,2024,"wage","public_source_proxy;taxable_income;payment_category_independence;negative_residuals_clipped"
"IRD taxable income, MSD OIA payment mix, Stats NZ living-arrangement age gradient","statsnz_age_msd_calibrated_clipped","65-69",65,70,"single_sharing","single_sharing",0.110806595969222,2000,5000,3249.04304709141,0.0919243361222263,0.0101858227724345,2024,"wage","public_source_proxy;taxable_income;payment_category_independence;negative_residuals_clipped"
"IRD taxable income, MSD OIA payment mix, Stats NZ living-arrangement age gradient","statsnz_age_msd_calibrated_clipped","65-69",65,70,"single_sharing","single_sharing",0.110806595969222,5000,10000,7678.70808199121,0.0496907966533285,0.00550606802815414,2024,"wage","public_source_proxy;taxable_income;payment_category_independence;negative_residuals_clipped"
"IRD taxable income, MSD OIA payment mix, Stats NZ living-arrangement age gradient","statsnz_age_msd_calibrated_clipped","65-69",65,70,"single_sharing","single_sharing",0.110806595969222,10000,15000,12761.5578403756,0.0387413604947254,0.00429279827963701,2024,"wage","public_source_proxy;taxable_income;payment_category_independence;negative_residuals_clipped"
"IRD taxable income, MSD OIA payment mix, Stats NZ living-arrangement age gradient","statsnz_age_msd_calibrated_clipped","65-69",65,70,"single_sharing","single_sharing",0.110806595969222,15000,20000,17849.4935353535,0.0360130956711531,0.00399048854163441,2024,"wage","public_source_proxy;taxable_income;payment_category_independence;negative_residuals_clipped"
"IRD taxable income, MSD OIA payment mix, Stats NZ living-arrangement age gradient","statsnz_age_msd_calibrated_clipped","65-69",65,70,"single_sharing","single_sharing",0.110806595969222,20000,30000,25083.0658816497,0.0608584939978174,0.00674352255571148,2024,"wage","public_source_proxy;taxable_income;payment_category_independence;negative_residuals_clipped"
"IRD taxable income, MSD OIA payment mix, Stats NZ living-arrangement age gradient","statsnz_age_msd_calibrated_clipped","65-69",65,70,"single_sharing","single_sharing",0.110806595969222,30000,50000,40315.1487424344,0.108184794470717,0.01198758881093,2024,"wage","public_source_proxy;taxable_income;payment_category_independence;negative_residuals_clipped"
"IRD taxable income, MSD OIA payment mix, Stats NZ living-arrangement age gradient","statsnz_age_msd_calibrated_clipped","65-69",65,70,"single_sharing","single_sharing",0.110806595969222,50000,75000,61987.6008603667,0.103164787195344,0.0114313388930052,2024,"wage","public_source_proxy;taxable_income;payment_category_independence;negative_residuals_clipped"
"IRD taxable income, MSD OIA payment mix, Stats NZ living-arrangement age gradient","statsnz_age_msd_calibrated_clipped","65-69",65,70,"single_sharing","single_sharing",0.110806595969222,75000,1e+05,86629.5605607477,0.0622771917060749,0.00690072361947283,2024,"wage","public_source_proxy;taxable_income;payment_category_independence;negative_residuals_clipped"
"IRD taxable income, MSD OIA payment mix, Stats NZ living-arrangement age gradient","statsnz_age_msd_calibrated_clipped","65-69",65,70,"single_sharing","single_sharing",0.110806595969222,100000,150000,121321.146369427,0.0571116769734449,0.00632835051552123,2024,"wage","public_source_proxy;taxable_income;payment_category_independence;negative_residuals_clipped"
"IRD taxable income, MSD OIA payment mix, Stats NZ living-arrangement age gradient","statsnz_age_msd_calibrated_clipped","65-69",65,70,"single_sharing","single_sharing",0.110806595969222,150000,250000,217236.320639585,0.0420880320116406,0.00466363155825355,2024,"wage","public_source_proxy;taxable_income;payment_category_independence;negative_residuals_clipped"
"IRD taxable income, MSD OIA payment mix, Stats NZ living-arrangement age gradient","statsnz_age_msd_calibrated_clipped","65-69",65,70,"single_sharing","single_sharing",0.110806595969222,250000,Inf,0,0,0,2024,"wage","public_source_proxy;taxable_income;payment_category_independence;negative_residuals_clipped"
"IRD taxable income, MSD OIA payment mix, Stats NZ living-arrangement age gradient","statsnz_age_msd_calibrated_clipped","70-74",70,75,"couple","couple",0.673082544300129,0,500,0,0.196575222785252,0.132311351098662,2024,"wage","public_source_proxy;taxable_income;payment_category_independence;negative_residuals_clipped"
"IRD taxable income, MSD OIA payment mix, Stats NZ living-arrangement age gradient","statsnz_age_msd_calibrated_clipped","70-74",70,75,"couple","couple",0.673082544300129,500,1000,631.419999999998,0.0572689149047702,0.0385467069534103,2024,"wage","public_source_proxy;taxable_income;payment_category_independence;negative_residuals_clipped"
"IRD taxable income, MSD OIA payment mix, Stats NZ living-arrangement age gradient","statsnz_age_msd_calibrated_clipped","70-74",70,75,"couple","couple",0.673082544300129,1000,2000,1631.42,0.0318888694740521,0.0214638414004497,2024,"wage","public_source_proxy;taxable_income;payment_category_independence;negative_residuals_clipped"
"IRD taxable income, MSD OIA payment mix, Stats NZ living-arrangement age gradient","statsnz_age_msd_calibrated_clipped","70-74",70,75,"couple","couple",0.673082544300129,2000,5000,3919.9488966725,0.0997728464092259,0.0671553613131878,2024,"wage","public_source_proxy;taxable_income;payment_category_independence;negative_residuals_clipped"
"IRD taxable income, MSD OIA payment mix, Stats NZ living-arrangement age gradient","statsnz_age_msd_calibrated_clipped","70-74",70,75,"couple","couple",0.673082544300129,5000,10000,7618.95894080997,0.182290756596191,0.12269672625216,2024,"wage","public_source_proxy;taxable_income;payment_category_independence;negative_residuals_clipped"
"IRD taxable income, MSD OIA payment mix, Stats NZ living-arrangement age gradient","statsnz_age_msd_calibrated_clipped","70-74",70,75,"couple","couple",0.673082544300129,10000,15000,12427.4644993819,0.0706797134370086,0.0475732813505857,2024,"wage","public_source_proxy;taxable_income;payment_category_independence;negative_residuals_clipped"
"IRD taxable income, MSD OIA payment mix, Stats NZ living-arrangement age gradient","statsnz_age_msd_calibrated_clipped","70-74",70,75,"couple","couple",0.673082544300129,15000,20000,17492.0315107914,0.0485759217193779,0.0326956049826028,2024,"wage","public_source_proxy;taxable_income;payment_category_independence;negative_residuals_clipped"
"IRD taxable income, MSD OIA payment mix, Stats NZ living-arrangement age gradient","statsnz_age_msd_calibrated_clipped","70-74",70,75,"couple","couple",0.673082544300129,20000,30000,24881.5224955437,0.0735191333216844,0.0494844453108997,2024,"wage","public_source_proxy;taxable_income;payment_category_independence;negative_residuals_clipped"
"IRD taxable income, MSD OIA payment mix, Stats NZ living-arrangement age gradient","statsnz_age_msd_calibrated_clipped","70-74",70,75,"couple","couple",0.673082544300129,30000,50000,39753.5941221741,0.0908177529267866,0.061127844207582,2024,"wage","public_source_proxy;taxable_income;payment_category_independence;negative_residuals_clipped"
"IRD taxable income, MSD OIA payment mix, Stats NZ living-arrangement age gradient","statsnz_age_msd_calibrated_clipped","70-74",70,75,"couple","couple",0.673082544300129,50000,75000,61416.5208953168,0.0634282718853748,0.0426924626211684,2024,"wage","public_source_proxy;taxable_income;payment_category_independence;negative_residuals_clipped"
"IRD taxable income, MSD OIA payment mix, Stats NZ living-arrangement age gradient","statsnz_age_msd_calibrated_clipped","70-74",70,75,"couple","couple",0.673082544300129,75000,1e+05,86258.5386440678,0.0335051546391753,0.0225517347317053,2024,"wage","public_source_proxy;taxable_income;payment_category_independence;negative_residuals_clipped"
"IRD taxable income, MSD OIA payment mix, Stats NZ living-arrangement age gradient","statsnz_age_msd_calibrated_clipped","70-74",70,75,"couple","couple",0.673082544300129,100000,150000,120419.016899225,0.0281757819325529,0.0189646269908083,2024,"wage","public_source_proxy;taxable_income;payment_category_independence;negative_residuals_clipped"
"IRD taxable income, MSD OIA payment mix, Stats NZ living-arrangement age gradient","statsnz_age_msd_calibrated_clipped","70-74",70,75,"couple","couple",0.673082544300129,150000,250000,215238.808475836,0.023501659968548,0.0158185570869067,2024,"wage","public_source_proxy;taxable_income;payment_category_independence;negative_residuals_clipped"
"IRD taxable income, MSD OIA payment mix, Stats NZ living-arrangement age gradient","statsnz_age_msd_calibrated_clipped","70-74",70,75,"couple","couple",0.673082544300129,250000,Inf,0,0,0,2024,"wage","public_source_proxy;taxable_income;payment_category_independence;negative_residuals_clipped"
"IRD taxable income, MSD OIA payment mix, Stats NZ living-arrangement age gradient","statsnz_age_msd_calibrated_clipped","70-74",70,75,"single_living_alone","single_living_alone",0.219549402146842,0,500,75.0610770256752,0.524025860562642,0.115049564396012,2024,"wage","public_source_proxy;taxable_income;payment_category_independence;negative_residuals_clipped"
"IRD taxable income, MSD OIA payment mix, Stats NZ living-arrangement age gradient","statsnz_age_msd_calibrated_clipped","70-74",70,75,"single_living_alone","single_living_alone",0.219549402146842,500,1000,0,0,0,2024,"wage","public_source_proxy;taxable_income;payment_category_independence;negative_residuals_clipped"
"IRD taxable income, MSD OIA payment mix, Stats NZ living-arrangement age gradient","statsnz_age_msd_calibrated_clipped","70-74",70,75,"single_living_alone","single_living_alone",0.219549402146842,1000,2000,1409.66,0.0244190110082125,0.00536117926787019,2024,"wage","public_source_proxy;taxable_income;payment_category_independence;negative_residuals_clipped"
"IRD taxable income, MSD OIA payment mix, Stats NZ living-arrangement age gradient","statsnz_age_msd_calibrated_clipped","70-74",70,75,"single_living_alone","single_living_alone",0.219549402146842,2000,5000,3330.9330318258,0.0521579591123537,0.0114512487403167,2024,"wage","public_source_proxy;taxable_income;payment_category_independence;negative_residuals_clipped"
"IRD taxable income, MSD OIA payment mix, Stats NZ living-arrangement age gradient","statsnz_age_msd_calibrated_clipped","70-74",70,75,"single_living_alone","single_living_alone",0.219549402146842,5000,10000,7271.95749631811,0.0593220338983051,0.0130241170765076,2024,"wage","public_source_proxy;taxable_income;payment_category_independence;negative_residuals_clipped"
"IRD taxable income, MSD OIA payment mix, Stats NZ living-arrangement age gradient","statsnz_age_msd_calibrated_clipped","70-74",70,75,"single_living_alone","single_living_alone",0.219549402146842,10000,15000,12310.969164149,0.0433775991612791,0.00952352596242415,2024,"wage","public_source_proxy;taxable_income;payment_category_independence;negative_residuals_clipped"
"IRD taxable income, MSD OIA payment mix, Stats NZ living-arrangement age gradient","statsnz_age_msd_calibrated_clipped","70-74",70,75,"single_living_alone","single_living_alone",0.219549402146842,15000,20000,17358.7929479769,0.0377861261576097,0.00829592140734833,2024,"wage","public_source_proxy;taxable_income;payment_category_independence;negative_residuals_clipped"
"IRD taxable income, MSD OIA payment mix, Stats NZ living-arrangement age gradient","statsnz_age_msd_calibrated_clipped","70-74",70,75,"single_living_alone","single_living_alone",0.219549402146842,20000,30000,24536.9868312102,0.054866328848506,0.0120458696966815,2024,"wage","public_source_proxy;taxable_income;payment_category_independence;negative_residuals_clipped"
"IRD taxable income, MSD OIA payment mix, Stats NZ living-arrangement age gradient","statsnz_age_msd_calibrated_clipped","70-74",70,75,"single_living_alone","single_living_alone",0.219549402146842,30000,50000,39266.8028571429,0.077057487331819,0.0169179252746387,2024,"wage","public_source_proxy;taxable_income;payment_category_independence;negative_residuals_clipped"
"IRD taxable income, MSD OIA payment mix, Stats NZ living-arrangement age gradient","statsnz_age_msd_calibrated_clipped","70-74",70,75,"single_living_alone","single_living_alone",0.219549402146842,50000,75000,61158.0040553746,0.0536431941289534,0.0117773312002587,2024,"wage","public_source_proxy;taxable_income;payment_category_independence;negative_residuals_clipped"
"IRD taxable income, MSD OIA payment mix, Stats NZ living-arrangement age gradient","statsnz_age_msd_calibrated_clipped","70-74",70,75,"single_living_alone","single_living_alone",0.219549402146842,75000,1e+05,86230.5322741433,0.0280447317840294,0.00615720409655217,2024,"wage","public_source_proxy;taxable_income;payment_category_independence;negative_residuals_clipped"
"IRD taxable income, MSD OIA payment mix, Stats NZ living-arrangement age gradient","statsnz_age_msd_calibrated_clipped","70-74",70,75,"single_living_alone","single_living_alone",0.219549402146842,100000,150000,122494.838875639,0.0256421457277652,0.00562971776429303,2024,"wage","public_source_proxy;taxable_income;payment_category_independence;negative_residuals_clipped"
"IRD taxable income, MSD OIA payment mix, Stats NZ living-arrangement age gradient","statsnz_age_msd_calibrated_clipped","70-74",70,75,"single_living_alone","single_living_alone",0.219549402146842,150000,250000,219909.16,0.0196575222785253,0.00431579726393844,2024,"wage","public_source_proxy;taxable_income;payment_category_independence;negative_residuals_clipped"
"IRD taxable income, MSD OIA payment mix, Stats NZ living-arrangement age gradient","statsnz_age_msd_calibrated_clipped","70-74",70,75,"single_living_alone","single_living_alone",0.219549402146842,250000,Inf,0,0,0,2024,"wage","public_source_proxy;taxable_income;payment_category_independence;negative_residuals_clipped"
"IRD taxable income, MSD OIA payment mix, Stats NZ living-arrangement age gradient","statsnz_age_msd_calibrated_clipped","70-74",70,75,"single_sharing","single_sharing",0.107368053553029,0,500,0,0.385505853573301,0.0413910131314645,2024,"wage","public_source_proxy;taxable_income;payment_category_independence;negative_residuals_clipped"
"IRD taxable income, MSD OIA payment mix, Stats NZ living-arrangement age gradient","statsnz_age_msd_calibrated_clipped","70-74",70,75,"single_sharing","single_sharing",0.107368053553029,500,1000,814.139999999999,0.0228900926087716,0.00245766468905239,2024,"wage","public_source_proxy;taxable_income;payment_category_independence;negative_residuals_clipped"
"IRD taxable income, MSD OIA payment mix, Stats NZ living-arrangement age gradient","statsnz_age_msd_calibrated_clipped","70-74",70,75,"single_sharing","single_sharing",0.107368053553029,1000,2000,1814.14,0.0196138388956841,0.0021058997049323,2024,"wage","public_source_proxy;taxable_income;payment_category_independence;negative_residuals_clipped"
"IRD taxable income, MSD OIA payment mix, Stats NZ living-arrangement age gradient","statsnz_age_msd_calibrated_clipped","70-74",70,75,"single_sharing","single_sharing",0.107368053553029,2000,5000,3265.7025,0.139786825091735,0.0150086393224574,2024,"wage","public_source_proxy;taxable_income;payment_category_independence;negative_residuals_clipped"
"IRD taxable income, MSD OIA payment mix, Stats NZ living-arrangement age gradient","statsnz_age_msd_calibrated_clipped","70-74",70,75,"single_sharing","single_sharing",0.107368053553029,5000,10000,7610.18449938195,0.0706797134370085,0.00758874325741751,2024,"wage","public_source_proxy;taxable_income;payment_category_independence;negative_residuals_clipped"
"IRD taxable income, MSD OIA payment mix, Stats NZ living-arrangement age gradient","statsnz_age_msd_calibrated_clipped","70-74",70,75,"single_sharing","single_sharing",0.107368053553029,10000,15000,12674.7515107914,0.0485759217193779,0.00521550216455394,2024,"wage","public_source_proxy;taxable_income;payment_category_independence;negative_residuals_clipped"
"IRD taxable income, MSD OIA payment mix, Stats NZ living-arrangement age gradient","statsnz_age_msd_calibrated_clipped","70-74",70,75,"single_sharing","single_sharing",0.107368053553029,15000,20000,17802.0653567508,0.0397955617683033,0.00427277200711208,2024,"wage","public_source_proxy;taxable_income;payment_category_independence;negative_residuals_clipped"
"IRD taxable income, MSD OIA payment mix, Stats NZ living-arrangement age gradient","statsnz_age_msd_calibrated_clipped","70-74",70,75,"single_sharing","single_sharing",0.107368053553029,20000,30000,24934.9866860889,0.0599772846409226,0.00643964430929187,2024,"wage","public_source_proxy;taxable_income;payment_category_independence;negative_residuals_clipped"
"IRD taxable income, MSD OIA payment mix, Stats NZ living-arrangement age gradient","statsnz_age_msd_calibrated_clipped","70-74",70,75,"single_sharing","single_sharing",0.107368053553029,30000,50000,39796.7486956522,0.0803774244277477,0.00862996761041299,2024,"wage","public_source_proxy;taxable_income;payment_category_independence;negative_residuals_clipped"
"IRD taxable income, MSD OIA payment mix, Stats NZ living-arrangement age gradient","statsnz_age_msd_calibrated_clipped","70-74",70,75,"single_sharing","single_sharing",0.107368053553029,50000,75000,61586.8060201707,0.0563078804822645,0.00604566752707736,2024,"wage","public_source_proxy;taxable_income;payment_category_independence;negative_residuals_clipped"
"IRD taxable income, MSD OIA payment mix, Stats NZ living-arrangement age gradient","statsnz_age_msd_calibrated_clipped","70-74",70,75,"single_sharing","single_sharing",0.107368053553029,75000,1e+05,86566.3655192878,0.0294426000349467,0.00316119465729258,2024,"wage","public_source_proxy;taxable_income;payment_category_independence;negative_residuals_clipped"
"IRD taxable income, MSD OIA payment mix, Stats NZ living-arrangement age gradient","statsnz_age_msd_calibrated_clipped","70-74",70,75,"single_sharing","single_sharing",0.107368053553029,100000,150000,121470.017342419,0.0256421457277651,0.00275314727571327,2024,"wage","public_source_proxy;taxable_income;payment_category_independence;negative_residuals_clipped"
"IRD taxable income, MSD OIA payment mix, Stats NZ living-arrangement age gradient","statsnz_age_msd_calibrated_clipped","70-74",70,75,"single_sharing","single_sharing",0.107368053553029,150000,250000,216540.211428571,0.0214048575921719,0.00229819789625129,2024,"wage","public_source_proxy;taxable_income;payment_category_independence;negative_residuals_clipped"
"IRD taxable income, MSD OIA payment mix, Stats NZ living-arrangement age gradient","statsnz_age_msd_calibrated_clipped","70-74",70,75,"single_sharing","single_sharing",0.107368053553029,250000,Inf,0,0,0,2024,"wage","public_source_proxy;taxable_income;payment_category_independence;negative_residuals_clipped"
"IRD taxable income, MSD OIA payment mix, Stats NZ living-arrangement age gradient","statsnz_age_msd_calibrated_clipped","75+",75,120,"couple","couple",0.489513221373828,0,500,0,0.187374043948039,0.091722071854846,2024,"wage","public_source_proxy;taxable_income;payment_category_independence;negative_residuals_clipped"
"IRD taxable income, MSD OIA payment mix, Stats NZ living-arrangement age gradient","statsnz_age_msd_calibrated_clipped","75+",75,120,"couple","couple",0.489513221373828,500,1000,631.419999999998,0.0626684472502125,0.0306770334919473,2024,"wage","public_source_proxy;taxable_income;payment_category_independence;negative_residuals_clipped"
"IRD taxable income, MSD OIA payment mix, Stats NZ living-arrangement age gradient","statsnz_age_msd_calibrated_clipped","75+",75,120,"couple","couple",0.489513221373828,1000,2000,1631.42,0.0349399053053296,0.0171035456005084,2024,"wage","public_source_proxy;taxable_income;payment_category_independence;negative_residuals_clipped"
"IRD taxable income, MSD OIA payment mix, Stats NZ living-arrangement age gradient","statsnz_age_msd_calibrated_clipped","75+",75,120,"couple","couple",0.489513221373828,2000,5000,3981.57197568389,0.11982517907005,0.0586560094082759,2024,"wage","public_source_proxy;taxable_income;payment_category_independence;negative_residuals_clipped"
"IRD taxable income, MSD OIA payment mix, Stats NZ living-arrangement age gradient","statsnz_age_msd_calibrated_clipped","75+",75,120,"couple","couple",0.489513221373828,5000,10000,7669.67523732416,0.239917445671968,0.117442761694665,2024,"wage","public_source_proxy;taxable_income;payment_category_independence;negative_residuals_clipped"
"IRD taxable income, MSD OIA payment mix, Stats NZ living-arrangement age gradient","statsnz_age_msd_calibrated_clipped","75+",75,120,"couple","couple",0.489513221373828,10000,15000,12370.1418045113,0.0904212698798106,0.0442624070995784,2024,"wage","public_source_proxy;taxable_income;payment_category_independence;negative_residuals_clipped"
"IRD taxable income, MSD OIA payment mix, Stats NZ living-arrangement age gradient","statsnz_age_msd_calibrated_clipped","75+",75,120,"couple","couple",0.489513221373828,15000,20000,17454.1346814404,0.0525919630933592,0.0257444612722038,2024,"wage","public_source_proxy;taxable_income;payment_category_independence;negative_residuals_clipped"
"IRD taxable income, MSD OIA payment mix, Stats NZ living-arrangement age gradient","statsnz_age_msd_calibrated_clipped","75+",75,120,"couple","couple",0.489513221373828,20000,30000,24676.6986915205,0.0664319533810853,0.0325193195017311,2024,"wage","public_source_proxy;taxable_income;payment_category_independence;negative_residuals_clipped"
"IRD taxable income, MSD OIA payment mix, Stats NZ living-arrangement age gradient","statsnz_age_msd_calibrated_clipped","75+",75,120,"couple","couple",0.489513221373828,30000,50000,39275.6887747036,0.0675731455627049,0.0330779481627623,2024,"wage","public_source_proxy;taxable_income;payment_category_independence;negative_residuals_clipped"
"IRD taxable income, MSD OIA payment mix, Stats NZ living-arrangement age gradient","statsnz_age_msd_calibrated_clipped","75+",75,120,"couple","couple",0.489513221373828,50000,75000,60716.9762668464,0.0360325361175185,0.0176384028291553,2024,"wage","public_source_proxy;taxable_income;payment_category_independence;negative_residuals_clipped"
"IRD taxable income, MSD OIA payment mix, Stats NZ living-arrangement age gradient","statsnz_age_msd_calibrated_clipped","75+",75,120,"couple","couple",0.489513221373828,75000,1e+05,86020.3088888889,0.0161709360203958,0.00791588698397401,2024,"wage","public_source_proxy;taxable_income;payment_category_independence;negative_residuals_clipped"
"IRD taxable income, MSD OIA payment mix, Stats NZ living-arrangement age gradient","statsnz_age_msd_calibrated_clipped","75+",75,120,"couple","couple",0.489513221373828,100000,150000,121199.841052632,0.0138399902877261,0.00677485822952731,2024,"wage","public_source_proxy;taxable_income;payment_category_independence;negative_residuals_clipped"
"IRD taxable income, MSD OIA payment mix, Stats NZ living-arrangement age gradient","statsnz_age_msd_calibrated_clipped","75+",75,120,"couple","couple",0.489513221373828,150000,250000,214121.069105368,0.0122131844118004,0.00597851524465305,2024,"wage","public_source_proxy;taxable_income;payment_category_independence;negative_residuals_clipped"
"IRD taxable income, MSD OIA payment mix, Stats NZ living-arrangement age gradient","statsnz_age_msd_calibrated_clipped","75+",75,120,"couple","couple",0.489513221373828,250000,Inf,0,0,0,2024,"wage","public_source_proxy;taxable_income;payment_category_independence;negative_residuals_clipped"
"IRD taxable income, MSD OIA payment mix, Stats NZ living-arrangement age gradient","statsnz_age_msd_calibrated_clipped","75+",75,120,"single_living_alone","single_living_alone",0.32899032373902,0,500,85.8165443361091,0.580235522641738,0.190891872438785,2024,"wage","public_source_proxy;taxable_income;payment_category_independence;negative_residuals_clipped"
"IRD taxable income, MSD OIA payment mix, Stats NZ living-arrangement age gradient","statsnz_age_msd_calibrated_clipped","75+",75,120,"single_living_alone","single_living_alone",0.32899032373902,500,1000,0,0,0,2024,"wage","public_source_proxy;taxable_income;payment_category_independence;negative_residuals_clipped"
"IRD taxable income, MSD OIA payment mix, Stats NZ living-arrangement age gradient","statsnz_age_msd_calibrated_clipped","75+",75,120,"single_living_alone","single_living_alone",0.32899032373902,1000,2000,1409.66,0.0363967463882481,0.0119741773773168,2024,"wage","public_source_proxy;taxable_income;payment_category_independence;negative_residuals_clipped"
"IRD taxable income, MSD OIA payment mix, Stats NZ living-arrangement age gradient","statsnz_age_msd_calibrated_clipped","75+",75,120,"single_living_alone","single_living_alone",0.32899032373902,2000,5000,3291.43172061329,0.0712638096394318,0.0234451038041526,2024,"wage","public_source_proxy;taxable_income;payment_category_independence;negative_residuals_clipped"
"IRD taxable income, MSD OIA payment mix, Stats NZ living-arrangement age gradient","statsnz_age_msd_calibrated_clipped","75+",75,120,"single_living_alone","single_living_alone",0.32899032373902,5000,10000,7188.4210619469,0.0713366516935778,0.0234690681351279,2024,"wage","public_source_proxy;taxable_income;payment_category_independence;negative_residuals_clipped"
"IRD taxable income, MSD OIA payment mix, Stats NZ living-arrangement age gradient","statsnz_age_msd_calibrated_clipped","75+",75,120,"single_living_alone","single_living_alone",0.32899032373902,10000,15000,12275.0550953678,0.044555056452592,0.0146581824465486,2024,"wage","public_source_proxy;taxable_income;payment_category_independence;negative_residuals_clipped"
"IRD taxable income, MSD OIA payment mix, Stats NZ living-arrangement age gradient","statsnz_age_msd_calibrated_clipped","75+",75,120,"single_living_alone","single_living_alone",0.32899032373902,15000,20000,17312.4769014084,0.0344785722957387,0.0113431166616343,2024,"wage","public_source_proxy;taxable_income;payment_category_independence;negative_residuals_clipped"
"IRD taxable income, MSD OIA payment mix, Stats NZ living-arrangement age gradient","statsnz_age_msd_calibrated_clipped","75+",75,120,"single_living_alone","single_living_alone",0.32899032373902,20000,30000,24460.3600545851,0.044482214398446,0.0146342181155733,2024,"wage","public_source_proxy;taxable_income;payment_category_independence;negative_residuals_clipped"
"IRD taxable income, MSD OIA payment mix, Stats NZ living-arrangement age gradient","statsnz_age_msd_calibrated_clipped","75+",75,120,"single_living_alone","single_living_alone",0.32899032373902,30000,50000,38930.3782320442,0.0527376472016511,0.0173501756261054,2024,"wage","public_source_proxy;taxable_income;payment_category_independence;negative_residuals_clipped"
"IRD taxable income, MSD OIA payment mix, Stats NZ living-arrangement age gradient","statsnz_age_msd_calibrated_clipped","75+",75,120,"single_living_alone","single_living_alone",0.32899032373902,50000,75000,60749.8542291128,0.0281898749544737,0.00927419608743481,2024,"wage","public_source_proxy;taxable_income;payment_category_independence;negative_residuals_clipped"
"IRD taxable income, MSD OIA payment mix, Stats NZ living-arrangement age gradient","statsnz_age_msd_calibrated_clipped","75+",75,120,"single_living_alone","single_living_alone",0.32899032373902,75000,1e+05,86120.2827106227,0.0132572538545587,0.00436150823750164,2024,"wage","public_source_proxy;taxable_income;payment_category_independence;negative_residuals_clipped"
"IRD taxable income, MSD OIA payment mix, Stats NZ living-arrangement age gradient","statsnz_age_msd_calibrated_clipped","75+",75,120,"single_living_alone","single_living_alone",0.32899032373902,100000,150000,123575.39556797,0.0130387276921209,0.00428961524457579,2024,"wage","public_source_proxy;taxable_income;payment_category_independence;negative_residuals_clipped"
"IRD taxable income, MSD OIA payment mix, Stats NZ living-arrangement age gradient","statsnz_age_msd_calibrated_clipped","75+",75,120,"single_living_alone","single_living_alone",0.32899032373902,150000,250000,219909.16,0.0100279227874226,0.00329908956426406,2024,"wage","public_source_proxy;taxable_income;payment_category_independence;negative_residuals_clipped"
"IRD taxable income, MSD OIA payment mix, Stats NZ living-arrangement age gradient","statsnz_age_msd_calibrated_clipped","75+",75,120,"single_living_alone","single_living_alone",0.32899032373902,250000,Inf,0,0,0,2024,"wage","public_source_proxy;taxable_income;payment_category_independence;negative_residuals_clipped"
"IRD taxable income, MSD OIA payment mix, Stats NZ living-arrangement age gradient","statsnz_age_msd_calibrated_clipped","75+",75,120,"single_sharing","single_sharing",0.181496454887151,0,500,0,0.404807575573631,0.0734711398780766,2024,"wage","public_source_proxy;taxable_income;payment_category_independence;negative_residuals_clipped"
"IRD taxable income, MSD OIA payment mix, Stats NZ living-arrangement age gradient","statsnz_age_msd_calibrated_clipped","75+",75,120,"single_sharing","single_sharing",0.181496454887151,500,1000,814.139999999999,0.0295253126138157,0.00535873956884244,2024,"wage","public_source_proxy;taxable_income;payment_category_independence;negative_residuals_clipped"
"IRD taxable income, MSD OIA payment mix, Stats NZ living-arrangement age gradient","statsnz_age_msd_calibrated_clipped","75+",75,120,"single_sharing","single_sharing",0.181496454887151,1000,2000,1814.14,0.0243535267694549,0.0044200787726554,2024,"wage","public_source_proxy;taxable_income;payment_category_independence;negative_residuals_clipped"
"IRD taxable income, MSD OIA payment mix, Stats NZ living-arrangement age gradient","statsnz_age_msd_calibrated_clipped","75+",75,120,"single_sharing","single_sharing",0.181496454887151,2000,5000,3311.79074393109,0.186038606288697,0.0337653475135451,2024,"wage","public_source_proxy;taxable_income;payment_category_independence;negative_residuals_clipped"
"IRD taxable income, MSD OIA payment mix, Stats NZ living-arrangement age gradient","statsnz_age_msd_calibrated_clipped","75+",75,120,"single_sharing","single_sharing",0.181496454887151,5000,10000,7552.86180451128,0.0904212698798106,0.01641113992958,2024,"wage","public_source_proxy;taxable_income;payment_category_independence;negative_residuals_clipped"
"IRD taxable income, MSD OIA payment mix, Stats NZ living-arrangement age gradient","statsnz_age_msd_calibrated_clipped","75+",75,120,"single_sharing","single_sharing",0.181496454887151,10000,15000,12636.8546814404,0.0525919630933592,0.0095452548570006,2024,"wage","public_source_proxy;taxable_income;payment_category_independence;negative_residuals_clipped"
"IRD taxable income, MSD OIA payment mix, Stats NZ living-arrangement age gradient","statsnz_age_msd_calibrated_clipped","75+",75,120,"single_sharing","single_sharing",0.181496454887151,15000,20000,17746.9184891165,0.0379264295253126,0.00688351250537162,2024,"wage","public_source_proxy;taxable_income;payment_category_independence;negative_residuals_clipped"
"IRD taxable income, MSD OIA payment mix, Stats NZ living-arrangement age gradient","statsnz_age_msd_calibrated_clipped","75+",75,120,"single_sharing","single_sharing",0.181496454887151,20000,30000,24843.6516335434,0.0500910525676824,0.00909134846260029,2024,"wage","public_source_proxy;taxable_income;payment_category_independence;negative_residuals_clipped"
"IRD taxable income, MSD OIA payment mix, Stats NZ living-arrangement age gradient","statsnz_age_msd_calibrated_clipped","75+",75,120,"single_sharing","single_sharing",0.181496454887151,30000,50000,39456.75019879,0.056185504431225,0.0101974698703137,2024,"wage","public_source_proxy;taxable_income;payment_category_independence;negative_residuals_clipped"
"IRD taxable income, MSD OIA payment mix, Stats NZ living-arrangement age gradient","statsnz_age_msd_calibrated_clipped","75+",75,120,"single_sharing","single_sharing",0.181496454887151,50000,75000,61096.266607717,0.0302051717858444,0.00548213159838816,2024,"wage","public_source_proxy;taxable_income;payment_category_independence;negative_residuals_clipped"
"IRD taxable income, MSD OIA payment mix, Stats NZ living-arrangement age gradient","statsnz_age_msd_calibrated_clipped","75+",75,120,"single_sharing","single_sharing",0.181496454887151,75000,1e+05,86402.990174216,0.0139371130265873,0.00252953660568714,2024,"wage","public_source_proxy;taxable_income;payment_category_independence;negative_residuals_clipped"
"IRD taxable income, MSD OIA payment mix, Stats NZ living-arrangement age gradient","statsnz_age_msd_calibrated_clipped","75+",75,120,"single_sharing","single_sharing",0.181496454887151,100000,150000,122321.687169811,0.0128687628991138,0.00233563484497245,2024,"wage","public_source_proxy;taxable_income;payment_category_independence;negative_residuals_clipped"
"IRD taxable income, MSD OIA payment mix, Stats NZ living-arrangement age gradient","statsnz_age_msd_calibrated_clipped","75+",75,120,"single_sharing","single_sharing",0.181496454887151,150000,250000,215784.015824176,0.0110477115454656,0.00200512048011785,2024,"wage","public_source_proxy;taxable_income;payment_category_independence;negative_residuals_clipped"
"IRD taxable income, MSD OIA payment mix, Stats NZ living-arrangement age gradient","statsnz_age_msd_calibrated_clipped","75+",75,120,"single_sharing","single_sharing",0.181496454887151,250000,Inf,0,0,0,2024,"wage","public_source_proxy;taxable_income;payment_category_independence;negative_residuals_clipped"
