age,retirement_income,source_variant,source_quantile,non_nzs_taxable_income_annual,profile_method,anchor_65_69,anchor_70_74,anchor_75_plus
65,low,ird_msd_fixed_mix_clipped,p25,573.5239999999998,linear_67_to_72_then_linear_72_to_75_flat_after_75,409.6599999999999,0.0,0.0
66,low,ird_msd_fixed_mix_clipped,p25,491.5919999999998,linear_67_to_72_then_linear_72_to_75_flat_after_75,409.6599999999999,0.0,0.0
67,low,ird_msd_fixed_mix_clipped,p25,409.6599999999999,linear_67_to_72_then_linear_72_to_75_flat_after_75,409.6599999999999,0.0,0.0
68,low,ird_msd_fixed_mix_clipped,p25,327.7279999999999,linear_67_to_72_then_linear_72_to_75_flat_after_75,409.6599999999999,0.0,0.0
69,low,ird_msd_fixed_mix_clipped,p25,245.7959999999999,linear_67_to_72_then_linear_72_to_75_flat_after_75,409.6599999999999,0.0,0.0
70,low,ird_msd_fixed_mix_clipped,p25,163.86399999999992,linear_67_to_72_then_linear_72_to_75_flat_after_75,409.6599999999999,0.0,0.0
71,low,ird_msd_fixed_mix_clipped,p25,81.93199999999996,linear_67_to_72_then_linear_72_to_75_flat_after_75,409.6599999999999,0.0,0.0
72,low,ird_msd_fixed_mix_clipped,p25,0.0,linear_67_to_72_then_linear_72_to_75_flat_after_75,409.6599999999999,0.0,0.0
73,low,ird_msd_fixed_mix_clipped,p25,0.0,linear_67_to_72_then_linear_72_to_75_flat_after_75,409.6599999999999,0.0,0.0
74,low,ird_msd_fixed_mix_clipped,p25,0.0,linear_67_to_72_then_linear_72_to_75_flat_after_75,409.6599999999999,0.0,0.0
75,low,ird_msd_fixed_mix_clipped,p25,0.0,linear_67_to_72_then_linear_72_to_75_flat_after_75,409.6599999999999,0.0,0.0
76,low,ird_msd_fixed_mix_clipped,p25,0.0,linear_67_to_72_then_linear_72_to_75_flat_after_75,409.6599999999999,0.0,0.0
77,low,ird_msd_fixed_mix_clipped,p25,0.0,linear_67_to_72_then_linear_72_to_75_flat_after_75,409.6599999999999,0.0,0.0
78,low,ird_msd_fixed_mix_clipped,p25,0.0,linear_67_to_72_then_linear_72_to_75_flat_after_75,409.6599999999999,0.0,0.0
79,low,ird_msd_fixed_mix_clipped,p25,0.0,linear_67_to_72_then_linear_72_to_75_flat_after_75,409.6599999999999,0.0,0.0
80,low,ird_msd_fixed_mix_clipped,p25,0.0,linear_67_to_72_then_linear_72_to_75_flat_after_75,409.6599999999999,0.0,0.0
81,low,ird_msd_fixed_mix_clipped,p25,0.0,linear_67_to_72_then_linear_72_to_75_flat_after_75,409.6599999999999,0.0,0.0
82,low,ird_msd_fixed_mix_clipped,p25,0.0,linear_67_to_72_then_linear_72_to_75_flat_after_75,409.6599999999999,0.0,0.0
83,low,ird_msd_fixed_mix_clipped,p25,0.0,linear_67_to_72_then_linear_72_to_75_flat_after_75,409.6599999999999,0.0,0.0
84,low,ird_msd_fixed_mix_clipped,p25,0.0,linear_67_to_72_then_linear_72_to_75_flat_after_75,409.6599999999999,0.0,0.0
85,low,ird_msd_fixed_mix_clipped,p25,0.0,linear_67_to_72_then_linear_72_to_75_flat_after_75,409.6599999999999,0.0,0.0
86,low,ird_msd_fixed_mix_clipped,p25,0.0,linear_67_to_72_then_linear_72_to_75_flat_after_75,409.6599999999999,0.0,0.0
87,low,ird_msd_fixed_mix_clipped,p25,0.0,linear_67_to_72_then_linear_72_to_75_flat_after_75,409.6599999999999,0.0,0.0
88,low,ird_msd_fixed_mix_clipped,p25,0.0,linear_67_to_72_then_linear_72_to_75_flat_after_75,409.6599999999999,0.0,0.0
89,low,ird_msd_fixed_mix_clipped,p25,0.0,linear_67_to_72_then_linear_72_to_75_flat_after_75,409.6599999999999,0.0,0.0
90,low,ird_msd_fixed_mix_clipped,p25,0.0,linear_67_to_72_then_linear_72_to_75_flat_after_75,409.6599999999999,0.0,0.0
91,low,ird_msd_fixed_mix_clipped,p25,0.0,linear_67_to_72_then_linear_72_to_75_flat_after_75,409.6599999999999,0.0,0.0
92,low,ird_msd_fixed_mix_clipped,p25,0.0,linear_67_to_72_then_linear_72_to_75_flat_after_75,409.6599999999999,0.0,0.0
93,low,ird_msd_fixed_mix_clipped,p25,0.0,linear_67_to_72_then_linear_72_to_75_flat_after_75,409.6599999999999,0.0,0.0
94,low,ird_msd_fixed_mix_clipped,p25,0.0,linear_67_to_72_then_linear_72_to_75_flat_after_75,409.6599999999999,0.0,0.0
95,low,ird_msd_fixed_mix_clipped,p25,0.0,linear_67_to_72_then_linear_72_to_75_flat_after_75,409.6599999999999,0.0,0.0
96,low,ird_msd_fixed_mix_clipped,p25,0.0,linear_67_to_72_then_linear_72_to_75_flat_after_75,409.6599999999999,0.0,0.0
97,low,ird_msd_fixed_mix_clipped,p25,0.0,linear_67_to_72_then_linear_72_to_75_flat_after_75,409.6599999999999,0.0,0.0
98,low,ird_msd_fixed_mix_clipped,p25,0.0,linear_67_to_72_then_linear_72_to_75_flat_after_75,409.6599999999999,0.0,0.0
99,low,ird_msd_fixed_mix_clipped,p25,0.0,linear_67_to_72_then_linear_72_to_75_flat_after_75,409.6599999999999,0.0,0.0
100,low,ird_msd_fixed_mix_clipped,p25,0.0,linear_67_to_72_then_linear_72_to_75_flat_after_75,409.6599999999999,0.0,0.0
65,medium,ird_msd_fixed_mix_clipped,p50,16431.42,linear_67_to_72_then_linear_72_to_75_flat_after_75,13631.419999999998,6631.419999999998,4631.419999999998
66,medium,ird_msd_fixed_mix_clipped,p50,15031.419999999998,linear_67_to_72_then_linear_72_to_75_flat_after_75,13631.419999999998,6631.419999999998,4631.419999999998
67,medium,ird_msd_fixed_mix_clipped,p50,13631.419999999998,linear_67_to_72_then_linear_72_to_75_flat_after_75,13631.419999999998,6631.419999999998,4631.419999999998
68,medium,ird_msd_fixed_mix_clipped,p50,12231.419999999998,linear_67_to_72_then_linear_72_to_75_flat_after_75,13631.419999999998,6631.419999999998,4631.419999999998
69,medium,ird_msd_fixed_mix_clipped,p50,10831.419999999998,linear_67_to_72_then_linear_72_to_75_flat_after_75,13631.419999999998,6631.419999999998,4631.419999999998
70,medium,ird_msd_fixed_mix_clipped,p50,9431.419999999998,linear_67_to_72_then_linear_72_to_75_flat_after_75,13631.419999999998,6631.419999999998,4631.419999999998
71,medium,ird_msd_fixed_mix_clipped,p50,8031.419999999998,linear_67_to_72_then_linear_72_to_75_flat_after_75,13631.419999999998,6631.419999999998,4631.419999999998
72,medium,ird_msd_fixed_mix_clipped,p50,6631.419999999998,linear_67_to_72_then_linear_72_to_75_flat_after_75,13631.419999999998,6631.419999999998,4631.419999999998
73,medium,ird_msd_fixed_mix_clipped,p50,5964.753333333331,linear_67_to_72_then_linear_72_to_75_flat_after_75,13631.419999999998,6631.419999999998,4631.419999999998
74,medium,ird_msd_fixed_mix_clipped,p50,5298.086666666665,linear_67_to_72_then_linear_72_to_75_flat_after_75,13631.419999999998,6631.419999999998,4631.419999999998
75,medium,ird_msd_fixed_mix_clipped,p50,4631.419999999998,linear_67_to_72_then_linear_72_to_75_flat_after_75,13631.419999999998,6631.419999999998,4631.419999999998
76,medium,ird_msd_fixed_mix_clipped,p50,4631.419999999998,linear_67_to_72_then_linear_72_to_75_flat_after_75,13631.419999999998,6631.419999999998,4631.419999999998
77,medium,ird_msd_fixed_mix_clipped,p50,4631.419999999998,linear_67_to_72_then_linear_72_to_75_flat_after_75,13631.419999999998,6631.419999999998,4631.419999999998
78,medium,ird_msd_fixed_mix_clipped,p50,4631.419999999998,linear_67_to_72_then_linear_72_to_75_flat_after_75,13631.419999999998,6631.419999999998,4631.419999999998
79,medium,ird_msd_fixed_mix_clipped,p50,4631.419999999998,linear_67_to_72_then_linear_72_to_75_flat_after_75,13631.419999999998,6631.419999999998,4631.419999999998
80,medium,ird_msd_fixed_mix_clipped,p50,4631.419999999998,linear_67_to_72_then_linear_72_to_75_flat_after_75,13631.419999999998,6631.419999999998,4631.419999999998
81,medium,ird_msd_fixed_mix_clipped,p50,4631.419999999998,linear_67_to_72_then_linear_72_to_75_flat_after_75,13631.419999999998,6631.419999999998,4631.419999999998
82,medium,ird_msd_fixed_mix_clipped,p50,4631.419999999998,linear_67_to_72_then_linear_72_to_75_flat_after_75,13631.419999999998,6631.419999999998,4631.419999999998
83,medium,ird_msd_fixed_mix_clipped,p50,4631.419999999998,linear_67_to_72_then_linear_72_to_75_flat_after_75,13631.419999999998,6631.419999999998,4631.419999999998
84,medium,ird_msd_fixed_mix_clipped,p50,4631.419999999998,linear_67_to_72_then_linear_72_to_75_flat_after_75,13631.419999999998,6631.419999999998,4631.419999999998
85,medium,ird_msd_fixed_mix_clipped,p50,4631.419999999998,linear_67_to_72_then_linear_72_to_75_flat_after_75,13631.419999999998,6631.419999999998,4631.419999999998
86,medium,ird_msd_fixed_mix_clipped,p50,4631.419999999998,linear_67_to_72_then_linear_72_to_75_flat_after_75,13631.419999999998,6631.419999999998,4631.419999999998
87,medium,ird_msd_fixed_mix_clipped,p50,4631.419999999998,linear_67_to_72_then_linear_72_to_75_flat_after_75,13631.419999999998,6631.419999999998,4631.419999999998
88,medium,ird_msd_fixed_mix_clipped,p50,4631.419999999998,linear_67_to_72_then_linear_72_to_75_flat_after_75,13631.419999999998,6631.419999999998,4631.419999999998
89,medium,ird_msd_fixed_mix_clipped,p50,4631.419999999998,linear_67_to_72_then_linear_72_to_75_flat_after_75,13631.419999999998,6631.419999999998,4631.419999999998
90,medium,ird_msd_fixed_mix_clipped,p50,4631.419999999998,linear_67_to_72_then_linear_72_to_75_flat_after_75,13631.419999999998,6631.419999999998,4631.419999999998
91,medium,ird_msd_fixed_mix_clipped,p50,4631.419999999998,linear_67_to_72_then_linear_72_to_75_flat_after_75,13631.419999999998,6631.419999999998,4631.419999999998
92,medium,ird_msd_fixed_mix_clipped,p50,4631.419999999998,linear_67_to_72_then_linear_72_to_75_flat_after_75,13631.419999999998,6631.419999999998,4631.419999999998
93,medium,ird_msd_fixed_mix_clipped,p50,4631.419999999998,linear_67_to_72_then_linear_72_to_75_flat_after_75,13631.419999999998,6631.419999999998,4631.419999999998
94,medium,ird_msd_fixed_mix_clipped,p50,4631.419999999998,linear_67_to_72_then_linear_72_to_75_flat_after_75,13631.419999999998,6631.419999999998,4631.419999999998
95,medium,ird_msd_fixed_mix_clipped,p50,4631.419999999998,linear_67_to_72_then_linear_72_to_75_flat_after_75,13631.419999999998,6631.419999999998,4631.419999999998
96,medium,ird_msd_fixed_mix_clipped,p50,4631.419999999998,linear_67_to_72_then_linear_72_to_75_flat_after_75,13631.419999999998,6631.419999999998,4631.419999999998
97,medium,ird_msd_fixed_mix_clipped,p50,4631.419999999998,linear_67_to_72_then_linear_72_to_75_flat_after_75,13631.419999999998,6631.419999999998,4631.419999999998
98,medium,ird_msd_fixed_mix_clipped,p50,4631.419999999998,linear_67_to_72_then_linear_72_to_75_flat_after_75,13631.419999999998,6631.419999999998,4631.419999999998
99,medium,ird_msd_fixed_mix_clipped,p50,4631.419999999998,linear_67_to_72_then_linear_72_to_75_flat_after_75,13631.419999999998,6631.419999999998,4631.419999999998
100,medium,ird_msd_fixed_mix_clipped,p50,4631.419999999998,linear_67_to_72_then_linear_72_to_75_flat_after_75,13631.419999999998,6631.419999999998,4631.419999999998
65,high,ird_msd_fixed_mix_clipped,p75,67320.124,linear_67_to_72_then_linear_72_to_75_flat_after_75,55631.42,26409.66,14409.66
66,high,ird_msd_fixed_mix_clipped,p75,61475.772,linear_67_to_72_then_linear_72_to_75_flat_after_75,55631.42,26409.66,14409.66
67,high,ird_msd_fixed_mix_clipped,p75,55631.42,linear_67_to_72_then_linear_72_to_75_flat_after_75,55631.42,26409.66,14409.66
68,high,ird_msd_fixed_mix_clipped,p75,49787.068,linear_67_to_72_then_linear_72_to_75_flat_after_75,55631.42,26409.66,14409.66
69,high,ird_msd_fixed_mix_clipped,p75,43942.716,linear_67_to_72_then_linear_72_to_75_flat_after_75,55631.42,26409.66,14409.66
70,high,ird_msd_fixed_mix_clipped,p75,38098.364,linear_67_to_72_then_linear_72_to_75_flat_after_75,55631.42,26409.66,14409.66
71,high,ird_msd_fixed_mix_clipped,p75,32254.012,linear_67_to_72_then_linear_72_to_75_flat_after_75,55631.42,26409.66,14409.66
72,high,ird_msd_fixed_mix_clipped,p75,26409.66,linear_67_to_72_then_linear_72_to_75_flat_after_75,55631.42,26409.66,14409.66
73,high,ird_msd_fixed_mix_clipped,p75,22409.66,linear_67_to_72_then_linear_72_to_75_flat_after_75,55631.42,26409.66,14409.66
74,high,ird_msd_fixed_mix_clipped,p75,18409.66,linear_67_to_72_then_linear_72_to_75_flat_after_75,55631.42,26409.66,14409.66
75,high,ird_msd_fixed_mix_clipped,p75,14409.66,linear_67_to_72_then_linear_72_to_75_flat_after_75,55631.42,26409.66,14409.66
76,high,ird_msd_fixed_mix_clipped,p75,14409.66,linear_67_to_72_then_linear_72_to_75_flat_after_75,55631.42,26409.66,14409.66
77,high,ird_msd_fixed_mix_clipped,p75,14409.66,linear_67_to_72_then_linear_72_to_75_flat_after_75,55631.42,26409.66,14409.66
78,high,ird_msd_fixed_mix_clipped,p75,14409.66,linear_67_to_72_then_linear_72_to_75_flat_after_75,55631.42,26409.66,14409.66
79,high,ird_msd_fixed_mix_clipped,p75,14409.66,linear_67_to_72_then_linear_72_to_75_flat_after_75,55631.42,26409.66,14409.66
80,high,ird_msd_fixed_mix_clipped,p75,14409.66,linear_67_to_72_then_linear_72_to_75_flat_after_75,55631.42,26409.66,14409.66
81,high,ird_msd_fixed_mix_clipped,p75,14409.66,linear_67_to_72_then_linear_72_to_75_flat_after_75,55631.42,26409.66,14409.66
82,high,ird_msd_fixed_mix_clipped,p75,14409.66,linear_67_to_72_then_linear_72_to_75_flat_after_75,55631.42,26409.66,14409.66
83,high,ird_msd_fixed_mix_clipped,p75,14409.66,linear_67_to_72_then_linear_72_to_75_flat_after_75,55631.42,26409.66,14409.66
84,high,ird_msd_fixed_mix_clipped,p75,14409.66,linear_67_to_72_then_linear_72_to_75_flat_after_75,55631.42,26409.66,14409.66
85,high,ird_msd_fixed_mix_clipped,p75,14409.66,linear_67_to_72_then_linear_72_to_75_flat_after_75,55631.42,26409.66,14409.66
86,high,ird_msd_fixed_mix_clipped,p75,14409.66,linear_67_to_72_then_linear_72_to_75_flat_after_75,55631.42,26409.66,14409.66
87,high,ird_msd_fixed_mix_clipped,p75,14409.66,linear_67_to_72_then_linear_72_to_75_flat_after_75,55631.42,26409.66,14409.66
88,high,ird_msd_fixed_mix_clipped,p75,14409.66,linear_67_to_72_then_linear_72_to_75_flat_after_75,55631.42,26409.66,14409.66
89,high,ird_msd_fixed_mix_clipped,p75,14409.66,linear_67_to_72_then_linear_72_to_75_flat_after_75,55631.42,26409.66,14409.66
90,high,ird_msd_fixed_mix_clipped,p75,14409.66,linear_67_to_72_then_linear_72_to_75_flat_after_75,55631.42,26409.66,14409.66
91,high,ird_msd_fixed_mix_clipped,p75,14409.66,linear_67_to_72_then_linear_72_to_75_flat_after_75,55631.42,26409.66,14409.66
92,high,ird_msd_fixed_mix_clipped,p75,14409.66,linear_67_to_72_then_linear_72_to_75_flat_after_75,55631.42,26409.66,14409.66
93,high,ird_msd_fixed_mix_clipped,p75,14409.66,linear_67_to_72_then_linear_72_to_75_flat_after_75,55631.42,26409.66,14409.66
94,high,ird_msd_fixed_mix_clipped,p75,14409.66,linear_67_to_72_then_linear_72_to_75_flat_after_75,55631.42,26409.66,14409.66
95,high,ird_msd_fixed_mix_clipped,p75,14409.66,linear_67_to_72_then_linear_72_to_75_flat_after_75,55631.42,26409.66,14409.66
96,high,ird_msd_fixed_mix_clipped,p75,14409.66,linear_67_to_72_then_linear_72_to_75_flat_after_75,55631.42,26409.66,14409.66
97,high,ird_msd_fixed_mix_clipped,p75,14409.66,linear_67_to_72_then_linear_72_to_75_flat_after_75,55631.42,26409.66,14409.66
98,high,ird_msd_fixed_mix_clipped,p75,14409.66,linear_67_to_72_then_linear_72_to_75_flat_after_75,55631.42,26409.66,14409.66
99,high,ird_msd_fixed_mix_clipped,p75,14409.66,linear_67_to_72_then_linear_72_to_75_flat_after_75,55631.42,26409.66,14409.66
100,high,ird_msd_fixed_mix_clipped,p75,14409.66,linear_67_to_72_then_linear_72_to_75_flat_after_75,55631.42,26409.66,14409.66
